{"cameraMode":{"drawMode":0,"name":"Shaded","section":"Shading Mode"},"sceneLighting":true,"audioPlay":false,"sceneViewState":{"m_AlwaysRefresh":false,"showFog":true,"showSkybox":true,"showFlares":true,"showImageEffects":true,"showParticleSystems":true,"showVisualEffectGraphs":true,"m_FxEnabled":false},"in2DMode":false,"pivot":{"x":103.81332397460938,"y":23.923229217529298,"z":18.304677963256837},"rotation":{"x":-0.332554429769516,"y":-0.002547769108787179,"z":0.0009036289993673563,"w":-0.9430878758430481},"size":76.62483978271485,"orthographic":false}